model,Accuracy,Precision,Recall,F1,ROC_AUC,PR_AUC,Brier,Optimal_Threshold,Net_Value_per_1000
Logistic Regression,0.7469194312796209,0.5160493827160494,0.7464285714285714,0.6102189781021898,0.8311797235023042,0.5910304247654579,0.1763389639978455,0.11,371042.65
MLP,0.7308056872037915,0.4953703703703703,0.7642857142857142,0.601123595505618,0.8252626728110599,0.5949871394784053,0.1795694826781169,0.07,368909.95
CatBoost,0.7582938388625592,0.5314861460957179,0.7535714285714286,0.6233382570162481,0.8399239631336405,0.6424939363340666,0.1391610019961376,0.03,370142.18
XGBoost,0.6919431279620853,0.4576271186440678,0.8678571428571429,0.5992601726263872,0.8368709677419355,0.6389090337554832,0.1683722138404846,0.09,370616.11
