model,accuracy,precision,recall,f1,roc_auc,pr_auc
Logistic Regression (baseline),0.7350710900473933,0.5011261261261262,0.7932263814616756,0.6142167011732229,0.8376555974816713,0.6158036957656868
