model,threshold_from_val,val_f1,roc_auc,pr_auc,accuracy,precision,recall,f1
CatBoost,0.315,0.6416938110749185,0.8399239631336405,0.6424939363340666,0.7582938388625592,0.5314861460957179,0.7535714285714286,0.6233382570162481
XGBoost,0.36,0.6294820717131474,0.8368709677419355,0.6389090337554832,0.6919431279620853,0.4576271186440678,0.8678571428571429,0.5992601726263872
Logistic Regression,0.5650000000000001,0.6463022508038585,0.8311797235023042,0.5910304247654579,0.7469194312796209,0.5160493827160494,0.7464285714285714,0.6102189781021898
