model,threshold_from_val,roc_auc,pr_auc,accuracy,precision,recall,f1
Logistic Regression,0.5650000000000001,0.8311797235023042,0.5910304247654579,0.7469194312796209,0.5160493827160494,0.7464285714285714,0.6102189781021898
MLP,0.5,0.8252626728110599,0.5949871394784053,0.7308056872037915,0.49537037037037035,0.7642857142857142,0.601123595505618
